Unnamed: 0,restaurant_name,restaurant_url,restaurant_tag,restaurant_neighborhood,restaurant_address,ratings,review_number,price
1,Chef’s Special Cocktail Bar,https://www.yelp.com/biz/chef-s-special-cocktail-bar-chicago?sort_by=date_desc,"Cocktail Bars,Chinese,Seafood,",b/t Palmer St & Shakespeare Ave,"2165 N Western Ave,Chicago, IL 60647,",4.5 star rating,61,
1,Bar Siena,https://www.yelp.com/biz/bar-siena-chicago?sort_by=date_desc,"Italian,American (Traditional),Wine Bars,",b/t Green St & Peoria St,"832 W Randolph St,Chicago, IL 60607,",4 star rating,1610,$$
1,Rumi Middle Eastern Grill,https://www.yelp.com/biz/rumi-middle-eastern-grill-chicago-2?sort_by=date_desc,"Mediterranean,Middle Eastern,Halal,",b/t Damen Ave & North Ave,"1534 N Milwaukee,Chicago, IL 60622,",4.5 star rating,281,$
1,Tricycle Chicago,https://www.yelp.com/biz/tricycle-chicago-chicago?sort_by=date_desc,"Bars,American (New),",b/t Wabansia Ave & St Paul Ave,"1700 N Damen Ave,Chicago, IL 60647,",4 star rating,88,$$
1,Shawarma Garden,https://www.yelp.com/biz/shawarma-garden-chicago?sort_by=date_desc,"Middle Eastern,Mediterranean,Seafood,",b/t Damen Ave & Winchester Ave,"1951 W Division St,Chicago, IL 60622,",4 star rating,189,$
1,Bixi Beer,https://www.yelp.com/biz/bixi-beer-chicago-8?sort_by=date_desc,"Asian Fusion,Brewpubs,",at Sacramento Ave,"2515 N Milwaukee Ave,Chicago, IL 60647,",4 star rating,289,$$
1,The Office,https://www.yelp.com/biz/the-office-chicago?sort_by=date_desc,"American (Traditional),Lounges,","Fulton Market, West Loop, Near West Side","955 W Fulton Market,Chicago, IL 60607,",4.5 star rating,246,$$$$
1,Chicago Pizza And Oven Grinder Company,https://www.yelp.com/biz/chicago-pizza-and-oven-grinder-company-chicago?sort_by=date_desc,"Pizza,Italian,Bars,",at Dickens Ave,"2121 N Clark St,Chicago, IL 60614,",4 star rating,2557,$$
1,Tejanos,https://www.yelp.com/biz/tejanos-chicago-3?sort_by=date_desc,"Tex-Mex,",b/t Walton St & Iowa St,"941 N Damen Ave,Chicago, IL 60622,",4.5 star rating,13,
1,Chicago Fajitas,https://www.yelp.com/biz/chicago-fajitas-chicago-2?sort_by=date_desc,"Mexican,Chicken Shop,Steakhouses,",b/t Damen Ave & Hoyne Ave,"2013 W Division St,Chicago, IL 60622,",5 star rating,1,
1,Cracked on Milwaukee,https://www.yelp.com/biz/cracked-on-milwaukee-chicago?sort_by=date_desc,"Breakfast & Brunch,Coffee & Tea,Burgers,",b/t Wood St & Wolcott Ave,"1359 N Milwaukee Ave,Chicago, IL 60622,",4.5 star rating,104,$$
1,Lonesome Rose,https://www.yelp.com/biz/lonesome-rose-chicago?sort_by=date_desc,"Bars,Mexican,",b/t Shakespeare Ave & Dickens Ave,"2101 N California Ave,Chicago, IL 60647,",4 star rating,350,$$
1,The Publican,https://www.yelp.com/biz/the-publican-chicago?sort_by=date_desc,"American (New),Breakfast & Brunch,Diners,","Fulton Market, West Loop, Near West Side","837 W Fulton Market,Chicago, IL 60607,",4 star rating,3212,$$$
1,Flour Power,https://www.yelp.com/biz/flour-power-chicago?sort_by=date_desc,"Italian,",b/t Paulina St & Marshfield Ave,"1642 W Chicago Ave,Chicago, IL 60622,",4.5 star rating,14,
1,Sushi Taku,https://www.yelp.com/biz/sushi-taku-chicago-2?sort_by=date_desc,"Japanese,Sushi Bars,",b/t Winchester Ave & Wolcott Ave,"1904 W Division St,Chicago, IL 60622,",4.5 star rating,754,$$
1,Sir Chicken,https://www.yelp.com/biz/sir-chicken-chicago-5?sort_by=date_desc,"Food Delivery Services,Chicken Shop,","River West, West Loop, Near West Side, West Town","401 N Milwaukee Ave,Chicago, IL 60654,",4.5 star rating,7,
1,Offset BBQ,https://www.yelp.com/biz/offset-bbq-chicago-2?sort_by=date_desc,"Barbeque,",at Wabansia Ave,"1720 N California Ave,Chicago, IL 60647,",4.5 star rating,22,
1,Del Seoul,https://www.yelp.com/biz/del-seoul-chicago?sort_by=date_desc,"Korean,Asian Fusion,American (New),",b/t Wrightwood Ave & Deming Pl,"2568 N Clark St,Chicago, IL 60614,",4.5 star rating,2117,$
1,Enoteca Roma Ristorante,https://www.yelp.com/biz/enoteca-roma-ristorante-chicago?sort_by=date_desc,"Wine Bars,Italian,",b/t Damen Ave & Leavitt St,"2146 W Division St,Chicago, IL 60622,",4 star rating,500,$$
1,Wynwood Kitchen & Spirits,https://www.yelp.com/biz/wynwood-kitchen-and-spirits-chicago?sort_by=date_desc,"American (New),Cocktail Bars,",b/t Damen Ave & North Ave,"1560 N Milwaukee Ave,Chicago, IL 60622,",4 star rating,29,
1,Big Star,https://www.yelp.com/biz/big-star-chicago?sort_by=date_desc,"Mexican,Bars,Breakfast & Brunch,",b/t Wicker Park Ave & Pierce Ave,"1531 N Damen Ave,Chicago, IL 60622,",3.5 star rating,3237,$$
1,Farm Bar Lakeview,https://www.yelp.com/biz/farm-bar-lakeview-chicago?sort_by=date_desc,"Bars,American (New),",b/t Lincoln Ave & Lakewood Ave,"1300 W Wellington Ave,Chicago, IL 60657,",4 star rating,300,$$
1,Cafe con Leche,https://www.yelp.com/biz/cafe-con-leche-chicago?sort_by=date_desc,"Mexican,Latin American,Cafes,",b/t Spaulding Ave & Sawyer Ave,"2714 N Milwaukee Ave,Chicago, IL 60647,",4 star rating,1006,$$
1,Mi Tocaya Antojeria,https://www.yelp.com/biz/mi-tocaya-antojeria-chicago?sort_by=date_desc,"Mexican,Latin American,",Logan Square,"2800 W Logan Blvd,Chicago, IL 60647,",4 star rating,340,$$
1,Ema,https://www.yelp.com/biz/ema-chicago-6?sort_by=date_desc,"Mediterranean,Tapas/Small Plates,",Near North Side,"74 W Illinois St,Chicago, IL 60654,",4.5 star rating,1041,$$
1,Thai Basil,https://www.yelp.com/biz/thai-basil-chicago?sort_by=date_desc,"Vietnamese,Thai,Desserts,",b/t Walton St & Iowa St,"937 N Damen Ave,Chicago, IL 60622,",4 star rating,52,
1,Sushi Suite 202,https://www.yelp.com/biz/sushi-suite-202-chicago?sort_by=date_desc,"Sushi Bars,",b/t Menomonee St & Lincoln Ave,"1816 N Clark St,Hotel Lincoln,",5 star rating,28,
1,Sushi + Rotary Sushi Bar Bucktown,https://www.yelp.com/biz/sushi-rotary-sushi-bar-bucktown-chicago?sort_by=date_desc,"Conveyor Belt Sushi,Sushi Bars,Conveyor Belt Sushi Chicago,",b/t Wood St & Hermitage Ave,"1352 N Milwaukee Ave,Chicago, IL 60622,",5 star rating,5,
1,Crab Cellar,https://www.yelp.com/biz/crab-cellar-chicago?sort_by=date_desc,"Seafood,",b/t Armitage Ave & Wisconsin St,"1962 N Halsted St,Chicago, IL 60614,",4.5 star rating,115,$$$$
1,Spinning J Bakery and Soda Fountain,https://www.yelp.com/biz/spinning-j-bakery-and-soda-fountain-chicago-4?sort_by=date_desc,"Coffee & Tea,Breakfast & Brunch,Sandwiches,",b/t Cortez St & Augusta Blvd,"1000 N California Ave,Chicago, IL 60622,",4.5 star rating,381,$$
1,Cela's Boricua Style Hot Dog,https://www.yelp.com/biz/celas-boricua-style-hot-dog-chicago?sort_by=date_desc,"Hot Dogs,Street Vendors,Food Stands,","Humboldt Park, West Town","N California W Potomac Ave,Chicago, IL 60622,",5 star rating,1,
1,Happy Lamb Hot Pot,https://www.yelp.com/biz/happy-lamb-hot-pot-chicago?sort_by=date_desc,"Mongolian,Hot Pot,Chinese,",b/t 24th St & 23rd St,"2342 S Wentworth Ave,Chicago, IL 60616,",4.5 star rating,539,$$
1,Nando's Peri-Peri,https://www.yelp.com/biz/nandos-peri-peri-chicago-3?sort_by=date_desc,"South African,Portuguese,Chicken Shop,",b/t Sangamon St & Morgan St,"953 W Randolph St,Chicago, IL 60607,",4 star rating,583,$$
1,Umami Burger - Wicker Park,https://www.yelp.com/biz/umami-burger-wicker-park-chicago?sort_by=date_desc,"Burgers,American (New),Gastropubs,",b/t Evergreen Ave & Honore St,"1480 N Milwaukee Ave,Chicago, IL 60622,",3.5 star rating,901,$$
1,The Fifty/50,https://www.yelp.com/biz/the-fifty-50-chicago?sort_by=date_desc,"Sports Bars,American (New),Chicken Wings,Chicken Wings Chicago,",b/t Damen Ave & Hoyne Ave,"2047 W Division St,Chicago, IL 60622,",3.5 star rating,696,$$
1,Laojiumen Hotpot Chicago,https://www.yelp.com/biz/laojiumen-hotpot-chicago-chicago-2?sort_by=date_desc,"Hot Pot,Chinese,",at Archer Ave,"2026 S Clark St,Unit D-E,",4.5 star rating,42,
1,"Joe's Seafood, Prime Steak & Stone Crab",https://www.yelp.com/biz/joes-seafood-prime-steak-and-stone-crab-chicago?sort_by=date_desc,"Seafood,Steakhouses,Steak House Chicago,",b/t Wabash Ave & Rush St,"60 E Grand Ave,Chicago, IL 60611,",4.5 star rating,2501,$$$
1,Superkhana International,https://www.yelp.com/biz/superkhana-international-chicago?sort_by=date_desc,"Indian,American (New),",b/t Whipple St & Albany Ave,"3059 W Diversey Ave,Chicago, IL 60647,",4 star rating,75,$$
1,Rangoli,https://www.yelp.com/biz/rangoli-chicago?sort_by=date_desc,"Indian,",b/t Western Ave & Artesian Ave,"2421 W North Ave,Chicago, IL 60647,",4 star rating,650,$$
1,Cabra,https://www.yelp.com/biz/cabra-chicago-2?sort_by=date_desc,"Peruvian,","Fulton Market, West Loop, Near West Side","200 N Green St,Chicago, IL 60607,",4 star rating,430,$$$
1,Ina Mae Tavern & Packaged Goods,https://www.yelp.com/biz/ina-mae-tavern-and-packaged-goods-chicago?sort_by=date_desc,"Southern,Beverage Store,Breakfast & Brunch,",b/t Julian St & Milwaukee Ave,"1415 N Wood St,Chicago, IL 60622,",3.5 star rating,316,$$
1,Reno,https://www.yelp.com/biz/reno-chicago?sort_by=date_desc,"American (Traditional),Pizza,Bagels,",b/t Logan Blvd & Kedzie Ave,"2607 N Milwaukee Ave,Chicago, IL 60647,",4 star rating,520,$$
1,Pleasant House Pub,https://www.yelp.com/biz/pleasant-house-pub-chicago-3?sort_by=date_desc,"British,Pubs,Breakfast & Brunch,",at 21st Pl,"2119 S Halsted St,Chicago, IL 60608,",4.5 star rating,802,$$
1,Qiao Lin Hotpot,https://www.yelp.com/biz/qiao-lin-hotpot-chicago-2?sort_by=date_desc,"Hot Pot,Chinese,",b/t Lumber St & Cermak Rd,"2105 S Jefferson St,Ste A,",5 star rating,77,
1,The Warbler,https://www.yelp.com/biz/the-warbler-chicago-2?sort_by=date_desc,"American (New),",b/t Sunnyside Ave & Wilson Ave,"4535 N Lincoln Ave,Chicago, IL 60625,",4.5 star rating,276,$$
1,Tumi,https://www.yelp.com/biz/tumi-chicago?sort_by=date_desc,"Peruvian,Seafood,",b/t Washtenaw Ave & Fairfield Ave,"2727 W Fullerton Ave,Chicago, IL 60647,",4 star rating,63,$$
1,Taste of Havana,https://www.yelp.com/biz/taste-of-havana-chicago?sort_by=date_desc,"Cocktail Bars,Cuban,",at Sacramento Ave,"2529 N Milwaukee Ave,Chicago, IL 60647,",4.5 star rating,93,$$
1,Parson's Chicken & Fish,https://www.yelp.com/biz/parsons-chicken-and-fish-chicago?sort_by=date_desc,"American (New),Chicken Shop,",Logan Square,"2952 W Armitage,Chicago, IL 60647,",3.5 star rating,1041,$$
1,Fatpour Tap Works,https://www.yelp.com/biz/fatpour-tap-works-chicago?sort_by=date_desc,"Sports Bars,American (New),Pizza,Sports Bar Chicago,",b/t Damen Ave & Hoyne Ave,"2005 W Division St,Chicago, IL 60622,",3.5 star rating,598,$$
1,The Hampton Social - River North,https://www.yelp.com/biz/the-hampton-social-river-north-chicago-2?sort_by=date_desc,"Seafood,Breakfast & Brunch,American (New),","River North, Near North Side","353 W Hubbard St,Chicago, IL 60654,",4 star rating,1138,$$
1,Roost Chicken & Biscuits,https://www.yelp.com/biz/roost-chicken-and-biscuits-chicago-3?sort_by=date_desc,"Southern,","River West, West Loop, Near West Side, West Town","455 N Milwaukee Ave,Chicago, IL 60654,",4 star rating,310,$$
1,Xoco,https://www.yelp.com/biz/xoco-chicago?sort_by=date_desc,"Mexican,Breakfast & Brunch,Sandwiches,Mexican Restaurants Chicago,",Near North Side,"449 N Clark St,Chicago, IL 60654,",4 star rating,3645,$$
1,Alegrias Seafood,https://www.yelp.com/biz/alegrias-seafood-chicago?sort_by=date_desc,"Seafood,Mexican,",b/t Cortez St & Augusta Blvd,"1024 N Ashland Ave,Chicago, IL 60622,",4 star rating,629,$$
1,Parlor Pizza Bar - Wicker Park,https://www.yelp.com/biz/parlor-pizza-bar-wicker-park-chicago-2?sort_by=date_desc,"Pizza,",at Honore St,"1824 West Division St,Chicago, IL 60622,",3.5 star rating,403,$$
1,Funkenhausen,https://www.yelp.com/biz/funkenhausen-chicago?sort_by=date_desc,"German,Southern,Breakfast & Brunch,German Restaurants Chicago,",b/t Hermitage Ave & Paulina St,"1709 W Chicago Ave,Chicago, IL 60622,",4.5 star rating,206,$$
1,Perilla Korean American Fare,https://www.yelp.com/biz/perilla-korean-american-fare-chicago-4?sort_by=date_desc,"Korean,Barbeque,Asian Fusion,","River West, West Loop, Near West Side, West Town","401 N Milwaukee Ave,Chicago, IL 60654,",4.5 star rating,147,
1,Scofflaw,https://www.yelp.com/biz/scofflaw-chicago?sort_by=date_desc,"American (New),Cocktail Bars,",b/t Kedzie Ave & Sawyer Ave,"3201 W Armitage Ave,Chicago, IL 60647,",4.5 star rating,755,$$
1,Fry The Coop,https://www.yelp.com/biz/fry-the-coop-chicago-3?sort_by=date_desc,"American (Traditional),Waffles,Sandwiches,","Noble Square, West Town","1529 W Chicago Ave,Chicago, IL 60642,",4.5 star rating,106,$$
1,Urbanbelly,https://www.yelp.com/biz/urbanbelly-chicago-26?sort_by=date_desc,"Asian Fusion,Ramen,",at Pierce Ave,"1542 N Damen Ave,Chicago, IL 60622,",4 star rating,256,$$
1,Three Dots and a Dash,https://www.yelp.com/biz/three-dots-and-a-dash-chicago?sort_by=date_desc,"Asian Fusion,Tiki Bars,",Near North Side,"435 N Clark St,Back alley on Hubbard St,",4 star rating,3282,$$
1,Chick-fil-A - Bucktown,https://www.yelp.com/biz/chick-fil-a-bucktown-chicago?sort_by=date_desc,"Fast Food,Fast Food Chicago,",at Elston Ave,"1910 W Fullerton Ave,Chicago, IL 60614,",4.5 star rating,11,
1,Butcher & The Burger,https://www.yelp.com/biz/butcher-and-the-burger-chicago?sort_by=date_desc,"Burgers,Breakfast & Brunch,",b/t Sheffield Ave & Kenmore Ave,"1021 W Armitage Ave,Chicago, IL 60614,",4 star rating,1047,$$
1,Wonder Chop,https://www.yelp.com/biz/wonder-chop-chicago?sort_by=date_desc,"Chinese,Japanese,Sushi Bars,",b/t Western Ave & Artesian Ave,"2418 W Fullerton Ave,Chicago, IL 60647,",5 star rating,75,
1,Alinea,https://www.yelp.com/biz/alinea-chicago?sort_by=date_desc,"American (New),Modern European,",b/t Willow St & Concord Pl,"1723 N Halsted St,Chicago, IL 60614,",4.5 star rating,2282,$$$$
1,Takito Kitchen,https://www.yelp.com/biz/takito-kitchen-chicago?sort_by=date_desc,"Mexican,Latin American,Bars,",b/t Damen Ave & Hoyne Ave,"2013 W Division St,Chicago, IL 60622,",4 star rating,581,$$
1,Three Wheels Noodle,https://www.yelp.com/biz/three-wheels-noodle-chicago?sort_by=date_desc,"Thai,",b/t Belden Ave & Medill Ave,"2339 N Milwaukee Ave,Chicago, IL 60647,",4.5 star rating,121,$$
1,Avec River North,https://www.yelp.com/biz/avec-river-north-chicago-2?sort_by=date_desc,"Mediterranean,","River North, Near North Side","141 W Erie St,Chicago, IL 60654,",3.5 star rating,3,
1,Mom's,https://www.yelp.com/biz/moms-chicago?sort_by=date_desc,"Japanese,Desserts,Noodles,",b/t Adams St & Monroe St,"111 N Aberdeen St,Chicago, IL 60607,",5 star rating,8,
1,Mable's Table,https://www.yelp.com/biz/mables-table-chicago?sort_by=date_desc,"American (New),Steakhouses,",b/t Paulina St & Marshfield Ave,"1655 W Cortland St,Chicago, IL 60622,",4.5 star rating,310,$$
1,Lula Cafe,https://www.yelp.com/biz/lula-cafe-chicago-3?sort_by=date_desc,"American (New),Breakfast & Brunch,Desserts,",b/t Linden Pl & Albany Ave,"2537 N Kedzie Blvd,Chicago, IL 60647,",4.5 star rating,1942,$$
1,Ramen Wasabi,https://www.yelp.com/biz/ramen-wasabi-chicago?sort_by=date_desc,"Ramen,Tapas/Small Plates,Izakaya,",b/t Francis Pl & Maplewood Ave,"2101 N Milwaukee Ave,Chicago, IL 60647,",4 star rating,1904,$$
1,Olivia's Market,https://www.yelp.com/biz/olivias-market-chicago?sort_by=date_desc,"Grocery,Beer, Wine & Spirits,Delis,",b/t Damen Ave & Hoyne Ave,"2014 W Wabansia Ave,Chicago, IL 60647,",4 star rating,168,$$$
1,Jr’s Red Hots,https://www.yelp.com/biz/jr-s-red-hots-chicago?sort_by=date_desc,"Hot Dogs,Burgers,Fast Food,Fast Food Chicago,",b/t Oakley Ave & Western Ave,"2345 W Armitage Ave,Chicago, IL 60647,",4.5 star rating,52,$
1,Philly Bros,https://www.yelp.com/biz/philly-bros-chicago?sort_by=date_desc,"Halal,Cheesesteaks,Chicken Wings,",b/t Halsted St & Lincoln Ave,"734 W Fullerton Ave,Chicago, IL 60614,",4.5 star rating,257,$$
1,Taqueria El Heredero,https://www.yelp.com/biz/taqueria-el-heredero-chicago-3?sort_by=date_desc,"Tacos,",b/t Talman Ave & Rockwell St,"2624 W North Ave,Chicago, IL 60647,",5 star rating,20,
1,Smoque BBQ,https://www.yelp.com/biz/smoque-bbq-chicago?sort_by=date_desc,"Barbeque,",b/t Avondale Ave & Grace St,"3800 N Pulaski Rd,Ste 2,",4.5 star rating,4209,$$
1,Haidilao Hot Pot,https://www.yelp.com/biz/haidilao-hot-pot-chicago?sort_by=date_desc,"Chinese,Hot Pot,",b/t Clark St & Federal St,"107 E Cermak Rd,Fl 2,",5 star rating,6,
1,Craft Pizza,https://www.yelp.com/biz/craft-pizza-chicago?sort_by=date_desc,"Pizza,Salad,Italian,",b/t Crystal St & Potomac Ave,"1252 N Damen Ave,Chicago, IL 60622,",4.5 star rating,267,$$
1,The Crab Pad,https://www.yelp.com/biz/the-crab-pad-chicago?sort_by=date_desc,"Seafood,Cajun/Creole,Desserts,",at Sacramento Ave,"2529 N Milwaukee Ave,Chicago, IL 60647,",4.5 star rating,527,$$
1,La Sandwichera,https://www.yelp.com/biz/la-sandwichera-chicago?sort_by=date_desc,"Sandwiches,",b/t Washtenaw Ave & California Ave,"2721 W Division St,Chicago, IL 60622,",5 star rating,1,
1,Galit,https://www.yelp.com/biz/galit-chicago?sort_by=date_desc,"Mediterranean,Middle Eastern,Vegetarian,",b/t Montana St & Fullerton Ave,"2429 N Lincoln Ave,Chicago, IL 60614,",4 star rating,201,$$
1,Boqueria - Fulton Market,https://www.yelp.com/biz/boqueria-fulton-market-chicago-3?sort_by=date_desc,"Spanish,Tapas Bars,Wine Bars,","Fulton Market, West Loop, Near West Side","807 W Fulton Market,Chicago, IL 60607,",4.5 star rating,126,$$$
1,Doc B's Restaurant + Bar,https://www.yelp.com/biz/doc-bs-restaurant-bar-chicago-3?sort_by=date_desc,"American (New),Cocktail Bars,Wine Bars,",b/t Michigan Ave & Huguelet Pl,"100 E Walton St,Chicago, IL 60611,",4.5 star rating,790,$$
1,Tempesta Market,https://www.yelp.com/biz/tempesta-market-chicago-4?sort_by=date_desc,"International Grocery,Meat Shops,Delis,","Noble Square, West Town","1372 W Grand Ave,Chicago, IL 60642,",4.5 star rating,206,$$
1,Lowcountry Lakeview,https://www.yelp.com/biz/lowcountry-lakeview-chicago?sort_by=date_desc,"Cajun/Creole,Seafood,Desserts,",at Buckingham Pl,"3343 N Clark St,Chicago, IL 60657,",4.5 star rating,634,$$
1,Le Sud,https://www.yelp.com/biz/le-sud-chicago?sort_by=date_desc,"Mediterranean,French,Brasseries,French Restaurant Chicago,",b/t Claremont Ave & Oakley Ave,"2301 W Roscoe St,Chicago, IL 60618,",4 star rating,174,$$$
1,Pisolino Italian Market,https://www.yelp.com/biz/pisolino-italian-market-chicago?sort_by=date_desc,"Pizza,Italian,",b/t California Ave & Washtenaw Ave,"2755 W Belmont Ave,Chicago, IL 60618,",4.5 star rating,144,$$
1,Boka,https://www.yelp.com/biz/boka-chicago?sort_by=date_desc,"American (New),",b/t Willow St & Concord Pl,"1729 N Halsted St,Chicago, IL 60614,",4.5 star rating,1461,$$$
1,Beacon Doughnuts,https://www.yelp.com/biz/beacon-doughnuts-chicago?sort_by=date_desc,"Donuts,Vegan,",b/t Halsted St & Dayton St,"810 W Armitage Ave,Chicago, IL 60614,",4.5 star rating,73,
1,Mr Dumpling,https://www.yelp.com/biz/mr-dumpling-chicago-2?sort_by=date_desc,"Chinese,",b/t St James Pl & Roslyn Pl,"2485 N Clark St,Chicago, IL 60614,",4 star rating,51,
1,True Food Kitchen,https://www.yelp.com/biz/true-food-kitchen-chicago-5?sort_by=date_desc,"American (New),Vegetarian,Vegan,",Near North Side,"1 W Erie St,Chicago, IL 60654,",4.5 star rating,814,$$
1,ArePA George,https://www.yelp.com/biz/arepa-george-chicago?sort_by=date_desc,"Colombian,Empanadas,Juice Bars & Smoothies,",b/t Pierce Ave & North Ave,"1552 N Kedzie Ave,Chicago, IL 60651,",4.5 star rating,116,$$
1,XOchimilco Mexican Restaurant,https://www.yelp.com/biz/xochimilco-mexican-restaurant-chicago?sort_by=date_desc,"Mexican,Mexican Restaurants Chicago,",Ravenswood,"2030-32 W Montrose Ave,Chicago, IL 60618,",5 star rating,156,$$
1,Pasta Bowl - Wicker Park,https://www.yelp.com/biz/pasta-bowl-wicker-park-chicago?sort_by=date_desc,"Italian,Pasta Shops,Food Delivery Services,",b/t Honore St & Elk Grove Ave,"1852 W North Ave,Chicago, IL 60622,",4 star rating,296,$$
1,Lil' Ba-Ba-Reeba,https://www.yelp.com/biz/lil-ba-ba-reeba-chicago?sort_by=date_desc,"Seafood,Tapas/Small Plates,",Near North Side,"441 N Clark St,Chicago, IL 60654,",4.5 star rating,6,
1,Arbella,https://www.yelp.com/biz/arbella-chicago?sort_by=date_desc,"Tapas/Small Plates,Cocktail Bars,American (New),Small Plates Chicago,","River North, Near North Side","112 W Grand Ave,Chicago, IL 60654,",4.5 star rating,447,$$
1,Flo,https://www.yelp.com/biz/flo-chicago?sort_by=date_desc,"Breakfast & Brunch,Latin American,New Mexican Cuisine,","Noble Square, West Town","1434 W Chicago Ave,Chicago, IL 60642,",4 star rating,989,$$
1,Daebak Lincoln Park,https://www.yelp.com/biz/daebak-lincoln-park-chicago?sort_by=date_desc,"Korean,",Near North Side,"1523 N Kingsbury St,Chicago, IL 60642,",4.5 star rating,6,
1,Papa's Cache Sabroso,https://www.yelp.com/biz/papas-cache-sabroso-chicago?sort_by=date_desc,"Latin American,Puerto Rican,Chicken Shop,",b/t Campbell Ave & Maplewood Ave,"2517 W Division St,Chicago, IL 60622,",4 star rating,533,$$
1,Avec - Chicago,https://www.yelp.com/biz/avec-chicago-chicago?sort_by=date_desc,"Mediterranean,French Restaurant Chicago,",b/t Desplaines St & Jefferson St,"615 W Randolph St,Chicago, IL 60661,",4.5 star rating,2191,$$$
1,Monkey King Jianbing,https://www.yelp.com/biz/monkey-king-jianbing-chicago?sort_by=date_desc,"Chinese,Waffles,Hot Dogs,",b/t Canal St & 23rd Pl,"2300 S Archer Ave,Ste 228,",5 star rating,2,
1,King Crab House,https://www.yelp.com/biz/king-crab-house-chicago-2?sort_by=date_desc,"Seafood,Bars,Sandwiches,",b/t Willow St & Wisconsin St,"1816 N Halsted St,Chicago, IL 60614,",4 star rating,224,$$
1,Pizza Friendly Pizza,https://www.yelp.com/biz/pizza-friendly-pizza-chicago-2?sort_by=date_desc,"Pizza,Sandwiches,Salad,",b/t Thomas St & Cortez St,"1039 N Western Ave,Chicago, IL 60622,",4.5 star rating,38,
1,Hash,https://www.yelp.com/biz/hash-chicago?sort_by=date_desc,"Breakfast & Brunch,Sandwiches,Donuts,",b/t Potomac Ave & Hirsch St,"1357 N Western Ave,Chicago, IL 60622,",4 star rating,451,$$
1,El Habanero,https://www.yelp.com/biz/el-habanero-chicago?sort_by=date_desc,"Mexican,",b/t Spaulding Ave & Kimball Ave,"3300 W Fullerton Ave,Chicago, IL 60647,",4.5 star rating,468,$$
1,Sapori Trattoria,https://www.yelp.com/biz/sapori-trattoria-chicago?sort_by=date_desc,"Italian,Desserts,Italian Restaurant Chicago,",b/t Schubert Ave & Diversey Pky,"2701 N Halsted St,Chicago, IL 60614,",4.5 star rating,2284,$$
1,MAK Restaurant,https://www.yelp.com/biz/mak-restaurant-chicago?sort_by=date_desc,"Asian Fusion,Chinese,",b/t Winchester Ave & Wolcott Ave,"1924 W Division St,Chicago, IL 60622,",4 star rating,267,$$
1,Paulie Gee's Logan Square,https://www.yelp.com/biz/paulie-gees-logan-square-chicago?sort_by=date_desc,"Pizza,Salad,Cocktail Bars,",b/t Richmond St & Sacramento Ave,"2451 N Milwaukee Ave,Chicago, IL 60647,",4 star rating,399,$$
1,Monteverde,https://www.yelp.com/biz/monteverde-chicago?sort_by=date_desc,"Italian,Desserts,Wine Bars,",b/t Carpenter St & Morgan St,"1020 W Madison St,Chicago, IL 60607,",4.5 star rating,855,$$$
1,Buona Terra,https://www.yelp.com/biz/buona-terra-chicago-2?sort_by=date_desc,"Italian,Wine Bars,Italian Restaurant Chicago,",b/t Logan Blvd & Altgeld St,"2535 N California Ave,Chicago, IL 60647,",4.5 star rating,636,$$
1,Aloha Eats,https://www.yelp.com/biz/aloha-eats-chicago?sort_by=date_desc,"Hawaiian,Barbeque,",b/t Wrightwood Ave & Deming Pl,"2534 N Clark St,Chicago, IL 60614,",4 star rating,971,$$
1,The Violet Hour,https://www.yelp.com/biz/the-violet-hour-chicago?sort_by=date_desc,"American (New),Cocktail Bars,",b/t Wicker Park Ave & Pierce Ave,"1520 N Damen Ave,Chicago, IL 60622,",4 star rating,2173,$$
1,Bill Kim Asian Comfort Food,https://www.yelp.com/biz/bill-kim-asian-comfort-food-chicago?sort_by=date_desc,"Korean,Asian Fusion,","Fulton Market, West Loop, Near West Side","916 W Fulton Market,Chicago, IL 60607,",4.5 star rating,6,
1,El Patron Taqueria Y Tequila,https://www.yelp.com/biz/el-patron-taqueria-y-tequila-chicago?sort_by=date_desc,"Mexican,Coffee & Tea,","Noble Square, West Town","1438 W Chicago Ave,Chicago, IL 60642,",5 star rating,1,
1,6 Degrees,https://www.yelp.com/biz/6-degrees-chicago?sort_by=date_desc,"Bars,American (Traditional),Breakfast & Brunch,",b/t Homer St & Cortland St,"1935 N Damen,Chicago, IL 60647,",4.5 star rating,182,$$
1,Shawarma Inn,https://www.yelp.com/biz/shawarma-inn-chicago-5?sort_by=date_desc,"Mediterranean,Middle Eastern,Sandwiches,",b/t Mclean Ave & Armitage Ave,"2011 N Damen Ave,Chicago, IL 60647,",4 star rating,86,$
1,Cafe Robey,https://www.yelp.com/biz/cafe-robey-chicago?sort_by=date_desc,"Breakfast & Brunch,Cocktail Bars,American (Traditional),",b/t Milwaukee Ave & Damen Ave,"2018 W North Ave,Chicago, IL 60647,",4 star rating,188,$$
1,Opart Thai House,https://www.yelp.com/biz/opart-thai-house-chicago-2?sort_by=date_desc,"Thai,","Noble Square, West Town","1371 W Chicago Ave,Chicago, IL 60642,",4 star rating,336,$$
1,Heritage Restaurant & Caviar Bar,https://www.yelp.com/biz/heritage-restaurant-and-caviar-bar-chicago?sort_by=date_desc,"Seafood,Modern European,Bars,",b/t Fairfield Ave & Washtenaw Ave,"2700 W Chicago Ave,Chicago, IL 60622,",4.5 star rating,132,$$$
1,Sultan's Market,https://www.yelp.com/biz/sultans-market-chicago?sort_by=date_desc,"Middle Eastern,Vegetarian,Falafel,",at Hoyne Ave,"2057 W North Ave,Chicago, IL 60647,",4 star rating,1317,$
1,Menya Goku By Ramen Wasabi,https://www.yelp.com/biz/menya-goku-by-ramen-wasabi-chicago?sort_by=date_desc,"Ramen,",b/t Lincoln Ave & Bell Ave,"2207 W Montrose Ave,Chicago, IL 60618,",4.5 star rating,57,$$
1,Iron Age Korean Steakhouse,https://www.yelp.com/biz/iron-age-korean-steakhouse-chicago?sort_by=date_desc,"Korean,Barbeque,Bars,",b/t Ashland Ave & Paulina St,"1265 N Milwaukee Ave,Chicago, IL 60622,",4 star rating,284,$$
1,Osteria Langhe,https://www.yelp.com/biz/osteria-langhe-chicago?sort_by=date_desc,"Italian,",at Mozart St,"2824 W Armitage Ave,Chicago, IL 60647,",4.5 star rating,364,$$$
1,Cumin,https://www.yelp.com/biz/cumin-chicago?sort_by=date_desc,"Indian,Himalayan/Nepalese,",b/t Evergreen Ave & Wood St,"1414 N Milwaukee Ave,Chicago, IL 60622,",4 star rating,931,$$
1,Duck Duck Goat,https://www.yelp.com/biz/duck-duck-goat-chicago?sort_by=date_desc,"Chinese,","Fulton Market, West Loop, Near West Side","857 W Fulton Market,Chicago, IL 60607,",4 star rating,1407,$$$
1,Knead Great Pizza,https://www.yelp.com/biz/knead-great-pizza-chicago-2?sort_by=date_desc,"Pizza,Gelato,Italian,",b/t Leavitt St & Hoyne Ave,"2101 W North Ave,Chicago, IL 60647,",4.5 star rating,154,$$
1,Tamale Guy Chicago,https://www.yelp.com/biz/tamale-guy-chicago-chicago-2?sort_by=date_desc,"Mexican,Street Vendors,",b/t Damen Ave & Hoyne Ave,"2018 W Chicago Ave,Chicago, IL 60622,",4.5 star rating,312,$
1,Crazy Bird,https://www.yelp.com/biz/crazy-bird-chicago-2?sort_by=date_desc,"Chicken Wings,American (Traditional),Chicken Wings Chicago,","Noble Square, Near West Side, West Town","1160 W Grand Ave,Chicago, IL 60642,",4.5 star rating,137,$
1,Kai Zan,https://www.yelp.com/biz/kai-zan-chicago?sort_by=date_desc,"Asian Fusion,Japanese,Sushi Bars,",b/t Rockwell St & Maplewood Ave,"2557 W Chicago Ave,Chicago, IL 60622,",4.5 star rating,1042,$$$
1,Flat & Point,https://www.yelp.com/biz/flat-and-point-chicago-2?sort_by=date_desc,"American (New),",b/t St Louis Ave & Drake Ave,"3524 W Fullerton Ave,Chicago, IL 60647,",4 star rating,99,
1,Jeff & Judes,https://www.yelp.com/biz/jeff-and-judes-chicago?sort_by=date_desc,"Breakfast & Brunch,Delis,Sandwiches,",b/t Cortez St & Augusta Blvd,"1024 N Western Ave,Chicago, IL 60622,",3 star rating,20,
1,Antique Taco,https://www.yelp.com/biz/antique-taco-chicago?sort_by=date_desc,"Mexican,Venues & Event Spaces,",b/t Wood St & Wolcott Ave,"1360 N Milwaukee Ave,Chicago, IL 60622,",4 star rating,1269,$$
1,Wyler Road,https://www.yelp.com/biz/wyler-road-chicago?sort_by=date_desc,"Sandwiches,Beer, Wine & Spirits,Cafes,",b/t Central Park Ave & Drake Ave,"3581 W Belden Ave,Chicago, IL 60647,",4 star rating,253,$$
1,1492 Cuban Fusion,https://www.yelp.com/biz/1492-cuban-fusion-chicago-2?sort_by=date_desc,"Cuban,",b/t Talman Ave & Rockwell St,"2615 West North Ave,Chicago, IL 60647,",4.5 star rating,189,$$
1,Kapitan,https://www.yelp.com/biz/kapitan-chicago-2?sort_by=date_desc,"Asian Fusion,Malaysian,Singaporean,Malaysian Food Chicago,",b/t Wayne Ave & Shakespeare Ave,"2142 N Clybourn Ave,Chicago, IL 60614,",4 star rating,21,
1,Park & Field,https://www.yelp.com/biz/park-and-field-chicago-2?sort_by=date_desc,"American (New),Sports Bars,Tapas/Small Plates,",b/t St Louis Ave & Drake Ave,"3509 Fullerton,Chicago, IL 60647,",4 star rating,574,$$
1,QBirria Factory,https://www.yelp.com/biz/qbirria-factory-chicago?sort_by=date_desc,"Mexican,",b/t Quincy St & Lake St,"215 N Clinton St,Chicago, IL 60661,",4.5 star rating,25,
1,Mogadishu Restaurant,https://www.yelp.com/biz/mogadishu-restaurant-chicago-2?sort_by=date_desc,"African,",b/t Walton St & Oak St,"931 N Orleans St,Chicago, IL 60610,",4.5 star rating,123,$
1,Savannah Luncheonette,https://www.yelp.com/biz/savannah-luncheonette-chicago?sort_by=date_desc,"Comfort Food,Breakfast & Brunch,Cocktail Bars,",b/t Damen Ave & Winchester Ave,"1954 W Armitage Ave,Chicago, IL 60622,",5 star rating,1,
1,Cafe Ba-Ba-Reeba!,https://www.yelp.com/biz/cafe-ba-ba-reeba-chicago-3?sort_by=date_desc,"Spanish,Tapas Bars,Venues & Event Spaces,",b/t Armitage Ave & Dickens Ave,"2024 N Halsted St,Chicago, IL 60614,",4 star rating,4177,$$
1,Paulie Gee's Wicker Park,https://www.yelp.com/biz/paulie-gees-wicker-park-chicago?sort_by=date_desc,"Pizza,",b/t Milwaukee Ave & North Ave,"1566 N Damen,Chicago, IL 60622,",5 star rating,1,
1,KINTON RAMEN,https://www.yelp.com/biz/kinton-ramen-chicago-5?sort_by=date_desc,"Ramen,",b/t Evergreen Ave & Wood St,"1426 N Milwaukee Ave,Chicago, IL 60622,",4 star rating,37,$$
1,Bartoli’s Pizzeria,https://www.yelp.com/biz/bartoli-s-pizzeria-chicago?sort_by=date_desc,"Pizza,American (Traditional),",b/t Erie St & Huron St,"658 N Ashland Ave,Chicago, IL 60622,",4.5 star rating,17,
1,Cebu,https://www.yelp.com/biz/cebu-chicago?sort_by=date_desc,"Filipino,Venues & Event Spaces,Desserts,",b/t Leavitt St & Bell Ave,"2211 W North Ave,Chicago, IL 60647,",4 star rating,114,$$
1,Vajra,https://www.yelp.com/biz/vajra-chicago?sort_by=date_desc,"Himalayan/Nepalese,Indian,","Noble Square, West Town","1329 W Chicago Ave,Chicago, IL 60642,",4.5 star rating,158,$$$
1,Kizuki Ramen & Izakaya,https://www.yelp.com/biz/kizuki-ramen-and-izakaya-chicago?sort_by=date_desc,"Ramen,Izakaya,",b/t Evergreen Ave & Honore St,"1482 N Milwaukee Ave,Chicago, IL 60622,",4 star rating,699,$$
1,Pl-zen,https://www.yelp.com/biz/pl-zen-chicago?sort_by=date_desc,"Gastropubs,",b/t Ashland Ave & Laflin St,"1519 W 18th St,Chicago, IL 60608,",4 star rating,382,$$
1,Pizzeria Bebu,https://www.yelp.com/biz/pizzeria-bebu-chicago?sort_by=date_desc,"Pizza,",Near North Side,"1521 N Fremont St,Chicago, IL 60642,",4.5 star rating,290,$$
1,Sabroso! Mexican Grill,https://www.yelp.com/biz/sabroso-mexican-grill-chicago-4?sort_by=date_desc,"Mexican,Breakfast & Brunch,New Mexican Cuisine,Mexican Restaurants Chicago,",b/t Ontario St & Erie St,"624 N Ashland Ave,Chicago, IL 60622,",4.5 star rating,295,$$
1,Aba,https://www.yelp.com/biz/aba-chicago-2?sort_by=date_desc,"Mediterranean,Tapas/Small Plates,",b/t Jackson Blvd & Van Buren St,"302 N Green St,Fl 3,",4.5 star rating,858,$$$
1,Namaste Chicago,https://www.yelp.com/biz/namaste-chicago-chicago-2?sort_by=date_desc,"Indian,Himalayan/Nepalese,",b/t Logan Blvd & Altgeld St,"2515 N California Ave,Chicago, IL 60647,",4.5 star rating,50,$$
1,Green Street Smoked Meats,https://www.yelp.com/biz/green-street-smoked-meats-chicago?sort_by=date_desc,"Barbeque,Cocktail Bars,Beer Bar,",b/t Washington Blvd & Randolph St,"112 N Green St,Chicago, IL 60607,",4.5 star rating,1690,$$
1,etta - Bucktown,https://www.yelp.com/biz/etta-bucktown-chicago?sort_by=date_desc,"Italian,American (New),Breakfast & Brunch,",b/t Honore St & Elk Grove Ave,"1840 W North Ave,Chicago, IL 60622,",4.5 star rating,681,$$
1,The Whale Chicago,https://www.yelp.com/biz/the-whale-chicago-chicago?sort_by=date_desc,"American (New),",b/t Richmond St & Fullerton Ave,"2427 N Milwaukee Ave,Chicago, IL 60647,",4 star rating,424,$$
1,The Perch,https://www.yelp.com/biz/the-perch-chicago?sort_by=date_desc,"Breweries,American (New),",b/t Damen Ave & Winchester Ave,"1932 W Division,Chicago, IL 60622,",4.5 star rating,79,
1,Penumbra,https://www.yelp.com/biz/penumbra-chicago?sort_by=date_desc,"Wine Bars,Seafood,Steakhouses,",b/t Kimball Ave & Spaulding Ave,"3309 W Fullerton Ave,Chicago, IL 60647,",5 star rating,585,$$
1,Boxcar Betty's,https://www.yelp.com/biz/boxcar-bettys-chicago-2?sort_by=date_desc,"Sandwiches,Chicken Shop,",b/t Honore St & Elk Grove Ave,"1856 W North Ave,Chicago, IL 60622,",5 star rating,11,
1,Giant,https://www.yelp.com/biz/giant-chicago-2?sort_by=date_desc,"American (New),Beer Bar,Wine Bars,",b/t Kedzie Ave & Sawyer Ave,"3209 W Armitage Ave,Chicago, IL 60647,",4.5 star rating,454,$$$
1,Kennedy Rooftop,https://www.yelp.com/biz/kennedy-rooftop-chicago?sort_by=date_desc,"Cocktail Bars,American (New),",b/t Bosworth Ave & Ashland Ave,"1551 W North Ave,Chicago, IL 60622,",4.5 star rating,66,
1,Machine: Engineered Dining & Drink,https://www.yelp.com/biz/machine-engineered-dining-and-drink-chicago?sort_by=date_desc,"American (New),Cocktail Bars,",b/t Marion Ct & Wolcott Ave,"1846 W Division St,Chicago, IL 60622,",4 star rating,361,$$
1,Amaru,https://www.yelp.com/biz/amaru-chicago?sort_by=date_desc,"Latin American,Caribbean,Cocktail Bars,","Wicker Park, West Town","1904 W N Ave,Chicago, IL 60622,",5 star rating,154,
1,Quesabirria Jalisco Restaurant,https://www.yelp.com/biz/quesabirria-jalisco-restaurant-chicago-2?sort_by=date_desc,"Mexican,",Dunning,"7200 West Addison,Chicago, IL 60706,",4.5 star rating,21,
1,The Delta,https://www.yelp.com/biz/the-delta-chicago?sort_by=date_desc,"Southern,Cocktail Bars,Breakfast & Brunch,",b/t Wood St & Hermitage Ave,"1745 W North Ave,Chicago, IL 60622,",4.5 star rating,343,$$
1,Wildberry Pancakes and Cafe,https://www.yelp.com/biz/wildberry-pancakes-and-cafe-chicago-2?sort_by=date_desc,"Pancakes,Waffles,Cafes,",b/t Stetson Ave & Beaubien Ct,"130 E Randolph St,Chicago, IL 60601,",4.5 star rating,7589,$$
1,Au Cheval,https://www.yelp.com/biz/au-cheval-chicago?sort_by=date_desc,"Bars,American (Traditional),",b/t Green St & Halsted St,"800 W Randolph St,Chicago, IL 60607,",4.5 star rating,7259,
1,Forbidden Root,https://www.yelp.com/biz/forbidden-root-chicago?sort_by=date_desc,"Brewpubs,Tapas/Small Plates,Cocktail Bars,",b/t Wood St & Hermitage Ave,"1746 W Chicago Ave,Chicago, IL 60622,",4.5 star rating,476,$$
1,Mott St,https://www.yelp.com/biz/mott-st-chicago-2?sort_by=date_desc,"Asian Fusion,Bars,",b/t Beach Ave & Blackhawk St,"1401 N Ashland Ave,Chicago, IL 60622,",4 star rating,787,$$
1,Paradise Park,https://www.yelp.com/biz/paradise-park-chicago?sort_by=date_desc,"Pizza,Bars,Breakfast & Brunch,",b/t Winchester Ave & Elk Grove Ave,"1913 W North Ave,Chicago, IL 60622,",4 star rating,359,$$
1,Oiistar,https://www.yelp.com/biz/oiistar-chicago?sort_by=date_desc,"Asian Fusion,Ramen,",b/t Wood St & Wolcott Ave,"1385 N Milwaukee Ave,Chicago, IL 60622,",4 star rating,997,$$
1,Lao Peng You,https://www.yelp.com/biz/lao-peng-you-chicago?sort_by=date_desc,"Chinese,",b/t Damen Ave & Hoyne Ave,"2020 W Chicago Ave,Chicago, IL 60622,",4 star rating,89,$$
1,Folklore Argentine Grill,https://www.yelp.com/biz/folklore-argentine-grill-chicago?sort_by=date_desc,"Argentine,Steakhouses,Comfort Food,Argentinian Food Chicago,",b/t Damen Ave & Leavitt St,"2100 W Division St,Chicago, IL 60622,",4 star rating,720,$$
1,Lost Larson,https://www.yelp.com/biz/lost-larson-chicago?sort_by=date_desc,"Bakeries,Sandwiches,",b/t Damen Ave & Leavitt St,"2140 W Division St,Chicago, IL 60622,",4 star rating,13,
1,The Dandy Crown,https://www.yelp.com/biz/the-dandy-crown-chicago?sort_by=date_desc,"Cocktail Bars,American (New),Seafood,","River West, Noble Square, West Town","694 N Milwaukee Ave,Chicago, IL 60642,",4.5 star rating,16,
1,Owen & Engine,https://www.yelp.com/biz/owen-and-engine-chicago?sort_by=date_desc,"Gastropubs,British,",b/t Schubert Ave & Elston Ave,"2700 N Western Ave,Chicago, IL 60647,",4 star rating,1115,$$
1,Serai,https://www.yelp.com/biz/serai-chicago?sort_by=date_desc,"Malaysian,Asian Fusion,Desserts,Malaysian Food Chicago,",b/t Francis Pl & Talman Ave,"2169 N Milwaukee Ave,Chicago, IL 60647,",4.5 star rating,606,$$
1,Kimchi Pop,https://www.yelp.com/biz/kimchi-pop-chicago?sort_by=date_desc,"Korean,",b/t Walton St & Augusta Blvd,"939 N Ashland Ave,Chicago, IL 60622,",4.5 star rating,147,$$
1,SPICY FINGERS  Seafood Kitchen,https://www.yelp.com/biz/spicy-fingers-seafood-kitchen-chicago?sort_by=date_desc,"Seafood,Cajun/Creole,Asian Fusion,","Noble Square, West Town","1549 W Chicago Ave,Chicago, IL 60642,",4.5 star rating,67,
1,jeong,https://www.yelp.com/biz/jeong-chicago?sort_by=date_desc,"Korean,American (New),","Noble Square, West Town","1460 W Chicago Ave,Chicago, IL 60642,",4.5 star rating,99,
1,La Scarola,https://www.yelp.com/biz/la-scarola-chicago?sort_by=date_desc,"Italian,Bars,",b/t Union Ave & Milwaukee Ave,"721 W Grand Ave,Chicago, IL 60610,",4 star rating,1241,$$
1,Bavette's Bar & Boeuf,https://www.yelp.com/biz/bavettes-bar-and-boeuf-chicago?sort_by=date_desc,"Steakhouses,Seafood,Bars,Steak House Chicago,","River North, Near North Side","218 W Kinzie St,Chicago, IL 60654,",4.5 star rating,2411,$$$
1,Le Bouchon,https://www.yelp.com/biz/le-bouchon-chicago?sort_by=date_desc,"French,French Restaurant Chicago,",b/t Homer St & Armitage Ave,"1958 N Damen Ave,Chicago, IL 60647,",4 star rating,563,$$$
1,Tryzub Ukrainian Kitchen,https://www.yelp.com/biz/tryzub-ukrainian-kitchen-chicago?sort_by=date_desc,"Ukrainian,Breakfast & Brunch,Venues & Event Spaces,",b/t Oakley Blvd & Leavitt St,"2201 W Chicago Ave,Chicago, IL 60622,",4.5 star rating,191,$$
1,Milly’s Pizza In The Pan,https://www.yelp.com/biz/milly-s-pizza-in-the-pan-chicago?sort_by=date_desc,"Pizza,",at Bloomingdale Ave,"1801 N Spaulding Ave,Envision Unlimited Westtown Center,",5 star rating,21,
1,Greek Islands Restaurant,https://www.yelp.com/biz/greek-islands-restaurant-chicago?sort_by=date_desc,"Greek,Mediterranean,",b/t Adams St & Quincy St,"200 S Halsted St,Chicago, IL 60661,",4 star rating,1871,$$
1,Porto,https://www.yelp.com/biz/porto-chicago?sort_by=date_desc,"Portuguese,Wine Bars,Seafood,",b/t Ashland Ave & Marshfield Ave,"1600 W Chicago Ave,Chicago, IL 60622,",3.5 star rating,59,
1,Xi'an Dynasty Cuisine,https://www.yelp.com/biz/xian-dynasty-cuisine-chicago?sort_by=date_desc,"Chinese,",b/t Belden Ave & Geneva Ter,"2218 N Lincoln Ave,Chicago, IL 60614,",4.5 star rating,84,$$
1,Dos Urban Cantina,https://www.yelp.com/biz/dos-urban-cantina-chicago?sort_by=date_desc,"Mexican,Cocktail Bars,",at Mozart St,"2829 W Armitage Ave,Chicago, IL 60647,",4.5 star rating,369,$$
1,Hops & Curds,https://www.yelp.com/biz/hops-and-curds-chicago-2?sort_by=date_desc,"Comfort Food,American (New),Cocktail Bars,",b/t Montana St & Altgeld St,"2470 N Lincoln Ave,Chicago, IL 60614,",5 star rating,16,
1,The Dawson,https://www.yelp.com/biz/the-dawson-chicago?sort_by=date_desc,"American (Traditional),Cocktail Bars,Salad,","River West, Noble Square, Near West Side, West Town","730 W Grand Ave,Chicago, IL 60654,",4 star rating,906,$$
1,Same Same,https://www.yelp.com/biz/same-same-chicago?sort_by=date_desc,"Thai,Cocktail Bars,",b/t Damen Ave & Seeley Ave,"2022 W Roscoe St,Chicago, IL 60618,",4.5 star rating,118,$$
1,Caribella,https://www.yelp.com/biz/caribella-chicago-2?sort_by=date_desc,"Breakfast & Brunch,Coffee & Tea,Cafes,",b/t Kimball Ave & Spaulding Ave,"3311 W Fullerton Ave,Chicago, IL 60647,",4.5 star rating,120,$$
1,Velvet Taco Gold Coast,https://www.yelp.com/biz/velvet-taco-gold-coast-chicago?sort_by=date_desc,"American (New),Tacos,Vegetarian,",b/t Cedar St & Rush St,"1110 N State St,Chicago, IL 60610,",4 star rating,1524,$$
1,Six06 Cafe Bar,https://www.yelp.com/biz/six06-cafe-bar-chicago?sort_by=date_desc,"Greek,Bars,Coffee & Tea,",b/t Paulina St & Marshfield Ave,"1641 W Chicago Ave,Chicago, IL 60622,",4.5 star rating,106,$$
1,The Spice Room,https://www.yelp.com/biz/the-spice-room-chicago?sort_by=date_desc,"Indian,",b/t Richmond St & Francisco Ave,"2906 W Armitage Ave,Chicago, IL 60647,",4 star rating,303,$$
1,Silli Kori,https://www.yelp.com/biz/silli-kori-chicago?sort_by=date_desc,"Thai,Asian Fusion,",b/t Damen Ave & Hoyne Ave,"2053 W Division St,Chicago, IL 60622,",4.5 star rating,270,$$
1,Wake ‘n Bacon,https://www.yelp.com/biz/wake-n-bacon-chicago?sort_by=date_desc,"Breakfast & Brunch,Coffee & Tea,Comfort Food,",at Sheridan Rd,"420 W Belmont Ave,Chicago, IL 60657,",5 star rating,27,
1,Mindy's Hot Chocolate,https://www.yelp.com/biz/mindys-hot-chocolate-chicago-2?sort_by=date_desc,"American (Traditional),Desserts,",b/t Willow St & St Paul Ave,"1747 N Damen Ave,Chicago, IL 60647,",4 star rating,2417,$$
1,Feed,https://www.yelp.com/biz/feed-chicago?sort_by=date_desc,"Southern,Breakfast & Brunch,Diners,",b/t Mozart St & California Ave,"2803 W Chicago Ave,Chicago, IL 60622,",4 star rating,618,$
1,Fatso's Last Stand,https://www.yelp.com/biz/fatsos-last-stand-chicago-2?sort_by=date_desc,"Hot Dogs,Burgers,Fast Food,Fast Food Chicago,",b/t Oakley Blvd & Leavitt St,"2258 W Chicago Ave,Chicago, IL 60622,",4 star rating,831,$$
1,Crisp,https://www.yelp.com/biz/crisp-chicago?sort_by=date_desc,"Korean,Chicken Wings,Chicken Wings Chicago,",b/t Oakdale Ave & Wellington Ave,"2940 N Broadway Ave,Chicago, IL 60657,",4.5 star rating,3224,$$
1,Portillo's Hot Dogs,https://www.yelp.com/biz/portillos-hot-dogs-chicago-4?sort_by=date_desc,"Hot Dogs,Salad,Burgers,Fast Food Chicago,","River North, Near North Side","100 W Ontario,Chicago, IL 60654,",4 star rating,5640,$
1,Smoke Daddy,https://www.yelp.com/biz/smoke-daddy-chicago?sort_by=date_desc,"Barbeque,Music Venues,",b/t Wood St & Honore St,"1804 W Division St,Chicago, IL 60622,",4 star rating,1277,$$
1,The Bongo Room,https://www.yelp.com/biz/the-bongo-room-chicago?sort_by=date_desc,"American (New),Breakfast & Brunch,",b/t Evergreen Ave & Honore St,"1470 N Milwaukee Ave,Chicago, IL 60622,",4 star rating,1602,$$
1,Soulé,https://www.yelp.com/biz/soul%C3%A9-chicago-2?sort_by=date_desc,"Cajun/Creole,Soul Food,",b/t Damen Ave & Wolcott Ave,"1931 W Chicago Ave,Chicago, IL 60622,",4 star rating,337,$$
1,Cat-Su Sando,https://www.yelp.com/biz/cat-su-sando-chicago-3?sort_by=date_desc,"Sandwiches,Japanese,Coffee & Tea,",b/t Fairfield Ave & California Ave,"2759 W Augusta Blvd,Chicago, IL 60622,",4 star rating,16,
1,Lawn Restaurant - Hamburger,https://www.yelp.com/biz/lawn-restaurant-hamburger-chicago?sort_by=date_desc,"Cheesesteaks,Burgers,Waffles,",b/t Division St & Haddon Ave,"1141 N Ashland Ave,Chicago, IL 60622,",5 star rating,41,
1,Bungalow by Middle Brow,https://www.yelp.com/biz/bungalow-by-middle-brow-chicago?sort_by=date_desc,"Beer Bar,Pizza,Bakeries,",b/t Francisco Ave & Mozart St,"2840 W Armitage Ave,Chicago, IL 60647,",4 star rating,123,$$
1,Testaccio,https://www.yelp.com/biz/testaccio-chicago?sort_by=date_desc,"Italian,Mediterranean,",b/t Fullerton Ave & Altgeld St,"2456 N California Ave,Chicago, IL 60647,",5 star rating,28,
1,Cindy's,https://www.yelp.com/biz/cindys-chicago?sort_by=date_desc,"American (New),Seafood,Breakfast & Brunch,",b/t Madison St & Monroe St,"12 S Michigan Ave,Chicago, IL 60603,",4 star rating,1736,$$
1,Bonchon Division St,https://www.yelp.com/biz/bonchon-division-st-chicago-2?sort_by=date_desc,"Korean,Chicken Shop,Asian Fusion,Chicken Wings Chicago,",b/t Wood St & Hermitage Ave,"1732 W Division St,Chicago, IL 60622,",4 star rating,114,$$
1,The Loyalist,https://www.yelp.com/biz/the-loyalist-chicago-3?sort_by=date_desc,"American (New),Cocktail Bars,Venues & Event Spaces,",b/t Randolph St & Lake St,"177 N Ada St,Ste 001,",4 star rating,370,$$
1,Eat Me Milk Me,https://www.yelp.com/biz/eat-me-milk-me-chicago-6?sort_by=date_desc,"Coffee & Tea,Bubble Tea,Themed Cafes,",b/t May St & Aberdeen St,"1111 W Randolph St,Chicago, IL 60607,",4.5 star rating,84,$
1,Irazú Costa Rican Restaurant & Catering,https://www.yelp.com/biz/iraz%C3%BA-costa-rican-restaurant-and-catering-chicago-7?sort_by=date_desc,"Latin American,Venues & Event Spaces,Empanadas,",b/t Moffat St & Western Ave,"1865 N Milwaukee Ave,Chicago, IL 60647,",4 star rating,2190,$$
1,"Table, Donkey and Stick",https://www.yelp.com/biz/table-donkey-and-stick-chicago?sort_by=date_desc,"Modern European,Wine Bars,Cocktail Bars,",b/t Washtenaw Ave & Fairfield Ave,"2728 W Armitage Ave,Chicago, IL 60647,",4 star rating,437,$$
1,Honey Butter Fried Chicken,https://www.yelp.com/biz/honey-butter-fried-chicken-chicago?sort_by=date_desc,"Chicken Shop,Fast Food,Breakfast & Brunch,Fast Food Chicago,",b/t Sacramento Ave & School St,"3361 N Elston Ave,Chicago, IL 60618,",4 star rating,1993,$$
1,Taxim,https://www.yelp.com/biz/taxim-chicago?sort_by=date_desc,"Greek,Mediterranean,Wine Bars,",b/t Damen Ave & North Ave,"1558 N Milwaukee Ave,Chicago, IL 60622,",4 star rating,504,$$$
1,Humboldt Haus Sandwich Bar,https://www.yelp.com/biz/humboldt-haus-sandwich-bar-chicago-2?sort_by=date_desc,"Sandwiches,Sports Bars,",b/t Richmond St & Humboldt Blvd,"2958 W North Ave,Chicago, IL 60647,",4.5 star rating,206,$
1,Bourbon On Division,https://www.yelp.com/biz/bourbon-on-division-chicago?sort_by=date_desc,"Southern,Whiskey Bars,",b/t Damen Ave & Hoyne Ave,"2050 W Division St,Chicago, IL 60622,",4 star rating,48,$$
1,Nomonomo Japanese Pub & Grill,https://www.yelp.com/biz/nomonomo-japanese-pub-and-grill-chicago?sort_by=date_desc,"Japanese,",b/t Francis Pl & Maplewood Ave,"2115 N Milwaukee Ave,Chicago, IL 60647,",4 star rating,10,
1,Ipsento 606,https://www.yelp.com/biz/ipsento-606-chicago?sort_by=date_desc,"Coffee & Tea,Sandwiches,",b/t Oakley Ave & Moffat St,"1813 N Milwaukee Ave,Chicago, IL 60647,",4 star rating,274,$$
1,RAMEN-SAN,https://www.yelp.com/biz/ramen-san-chicago?sort_by=date_desc,"Ramen,",Near North Side,"59 W Hubbard St,Chicago, IL 60654,",4 star rating,2309,$$
1,The Picky Vegan,https://www.yelp.com/biz/the-picky-vegan-chicago?sort_by=date_desc,"Food Delivery Services,Vegan,",b/t Locust St & Chicago Ave,"825 N Sedgwick St,Chicago, IL 60610,",5 star rating,2,
1,En Hakkore,https://www.yelp.com/biz/en-hakkore-chicago-10?sort_by=date_desc,"Korean,Tacos,",b/t Churchill St & Moffat St,"1840 N Damen Ave,Chicago, IL 60647,",4.5 star rating,716,$$
1,Gotham Bagels,https://www.yelp.com/biz/gotham-bagels-chicago-2?sort_by=date_desc,"Bagels,Sandwiches,Breakfast & Brunch,",b/t Lakewood Ave & Diversey Pky,"2801 N Lincoln Ave,Unit b,",5 star rating,4,
1,Summer House Santa Monica,https://www.yelp.com/biz/summer-house-santa-monica-chicago-4?sort_by=date_desc,"American (Traditional),",b/t Armitage Ave & Wisconsin St,"1954 N Halsted St,Chicago, IL 60614,",4 star rating,2417,$$
1,The Royal Grocer & Co,https://www.yelp.com/biz/the-royal-grocer-and-co-chicago?sort_by=date_desc,"American (New),Breakfast & Brunch,Beer Gardens,",b/t Charleston St & Shakespeare Ave,"2118 N Damen Ave,Chicago, IL 60647,",4 star rating,120,$$
1,Piece Brewery and Pizzeria,https://www.yelp.com/biz/piece-brewery-and-pizzeria-chicago?sort_by=date_desc,"Pizza,Breweries,",b/t Winchester Ave & Elk Grove Ave,"1927 W North Ave,Chicago, IL 60622,",4 star rating,3563,$$
1,Chengdu Aroma,https://www.yelp.com/biz/chengdu-aroma-chicago?sort_by=date_desc,"Szechuan,Hot Pot,",b/t School St & Aldine Ave,"3227 N Clark St,Chicago, IL 60657,",4.5 star rating,74,$$
1,The Boil Cajun Seafood,https://www.yelp.com/biz/the-boil-cajun-seafood-chicago?sort_by=date_desc,"Cajun/Creole,Seafood,",b/t Wood St & Honore St,"1805 W Division St,Chicago, IL 60622,",4 star rating,51,
1,Goose Island Shrimp House Chicago,https://www.yelp.com/biz/goose-island-shrimp-house-chicago-chicago?sort_by=date_desc,"Seafood,Fast Food,",Goose Island,"1011 W Division St,Chicago, IL 60642,",4 star rating,216,$
1,The Moonlighter,https://www.yelp.com/biz/the-moonlighter-chicago?sort_by=date_desc,"Burgers,Beer Bar,Sports Bars,",b/t Kedzie Ave & Sawyer Ave,"3204 W Armitage Ave,Chicago, IL 60647,",4 star rating,180,$$
1,Mini Mott,https://www.yelp.com/biz/mini-mott-chicago-2?sort_by=date_desc,"Burgers,Chicken Wings,Chicken Wings Chicago,",Logan Square,"3057 W Logan Blvd,Chicago, IL 60647,",4 star rating,208,$$
1,Happy Camper - Old Town,https://www.yelp.com/biz/happy-camper-old-town-chicago?sort_by=date_desc,"Pizza,Breakfast & Brunch,Cocktail Bars,",b/t Division St & Scott St,"1209 N Wells St,Chicago, IL 60610,",4 star rating,632,$$
1,The StopAlong,https://www.yelp.com/biz/the-stopalong-chicago?sort_by=date_desc,"Pizza,Burgers,Salad,",b/t Oakley Ave & Moffat St,"1812 N Milwaukee Ave,Chicago, IL 60647,",4.5 star rating,213,$$
1,Handlebar,https://www.yelp.com/biz/handlebar-chicago?sort_by=date_desc,"Vegetarian,Bars,Vegan,",b/t Claremont Ave & Oakley Blvd,"2311 W North Ave,Chicago, IL 60647,",4 star rating,1497,$$
1,Sea & Olive,https://www.yelp.com/biz/sea-and-olive-chicago?sort_by=date_desc,"Mediterranean,Greek,Cocktail Bars,",b/t Damen Ave & Winchester Ave,"1938 W Division St,Chicago, IL 60622,",4 star rating,59,
1,Cinnaholic,https://www.yelp.com/biz/cinnaholic-chicago-3?sort_by=date_desc,"Bakeries,Desserts,Vegan,",b/t Paulina St & Mautene Ct,"1295 N Milwaukee Ave,Chicago, IL 60622,",4.5 star rating,7,
1,Girl & The Goat,https://www.yelp.com/biz/girl-and-the-goat-chicago?sort_by=date_desc,"American (New),Bakeries,Coffee & Tea,",b/t Green St & Halsted St,"809 W Randolph St,Chicago, IL 60607,",4.5 star rating,8715,$$$
1,KFire,https://www.yelp.com/biz/kfire-chicago?sort_by=date_desc,"Korean,Barbeque,Salad,",at Sacramento Ave,"2528 N Milwaukee Ave,Chicago, IL 60647,",5 star rating,64,
1,En Hakkore 2.0,https://www.yelp.com/biz/en-hakkore-2-0-chicago-15?sort_by=date_desc,"Asian Fusion,Poke,Sushi Bars,",b/t Evergreen Ave & Honore St,"1467 N Milwaukee Ave,Chicago, IL 60622,",4.5 star rating,470,$$
1,Gaijin,https://www.yelp.com/biz/gaijin-chicago?sort_by=date_desc,"Japanese,",b/t Sangamon St & Morgan St,"950 W Lake St,Chicago, IL 60607,",4.5 star rating,190,$$
1,All Together Now,https://www.yelp.com/biz/all-together-now-chicago?sort_by=date_desc,"Specialty Food,American (New),Beer, Wine & Spirits,",b/t Leavitt St & Hoyne Ave,"2119 West Chicago Ave,Chicago, IL 60622,",4.5 star rating,73,$$
1,Daisies,https://www.yelp.com/biz/daisies-chicago?sort_by=date_desc,"Pasta Shops,American (New),Cocktail Bars,",at Sacramento Ave,"2523 N Milwaukee Ave,Chicago, IL 60647,",4.5 star rating,277,$$
1,Landbirds,https://www.yelp.com/biz/landbirds-chicago?sort_by=date_desc,"Chicken Wings,Asian Fusion,Chicken Wings Chicago,",b/t Logan Blvd & Altgeld St,"2532 N California Ave,Chicago, IL 60647,",4.5 star rating,301,$$
1,Takorea Cocina,https://www.yelp.com/biz/takorea-cocina-chicago-2?sort_by=date_desc,"Korean,Tacos,",b/t Cortez St & Augusta Blvd,"1022 N Western,Chicago, IL 60622,",4.5 star rating,130,$
1,"The Parlor ""Grand Speakeasy""",https://www.yelp.com/biz/the-parlor-grand-speakeasy-chicago-2?sort_by=date_desc,"Cocktail Bars,Wine Bars,American (New),Wine Bars Chicago,",Bucktown,"1952 1/2 N Damen Ave,Chicago, IL 60647,",4.5 star rating,23,
1,Pub Royale,https://www.yelp.com/biz/pub-royale-chicago?sort_by=date_desc,"Pubs,British,Indian,",b/t Damen Ave & Hoyne Ave,"2049 W Division,Chicago, IL 60622,",4 star rating,423,$$
1,Cheba Hut Toasted Subs - Wicker Park,https://www.yelp.com/biz/cheba-hut-toasted-subs-wicker-park-chicago?sort_by=date_desc,"Sandwiches,American (Traditional),Beer Bar,",b/t Damen Ave & Winchester Ave,"1948 W Division St,Chicago, IL 60622,",4.5 star rating,22,
1,Longman & Eagle,https://www.yelp.com/biz/longman-and-eagle-chicago?sort_by=date_desc,"Gastropubs,Whiskey Bars,",b/t Milwaukee Ave & Schubert Ave,"2657 N Kedzie Ave,Chicago, IL 60647,",4 star rating,2410,$$
1,Maple & Ash,https://www.yelp.com/biz/maple-and-ash-chicago?sort_by=date_desc,"Steakhouses,Seafood,Breakfast & Brunch,",b/t Dearborn St & State St,"8 W Maple St,Chicago, IL 60610,",4.5 star rating,1492,$$$$
1,Boeufhaus,https://www.yelp.com/biz/boeufhaus-chicago?sort_by=date_desc,"Brasseries,Cocktail Bars,Steakhouses,Steak House Chicago,",b/t Cortez St & Augusta Blvd,"1012 N Western Ave,Chicago, IL 60622,",4.5 star rating,373,$$$
1,Lucy's,https://www.yelp.com/biz/lucys-chicago?sort_by=date_desc,"American (Traditional),",b/t Thomas St & Cortez St,"1043 N California Ave,Chicago, IL 60622,",4 star rating,180,$$
1,Beatnik West Town,https://www.yelp.com/biz/beatnik-west-town-chicago?sort_by=date_desc,"Breakfast & Brunch,Middle Eastern,Cocktail Bars,",b/t Ashland Ave & Marshfield Ave,"1604 W Chicago Ave,Chicago, IL 60622,",4 star rating,556,$$
1,Kasama,https://www.yelp.com/biz/kasama-chicago?sort_by=date_desc,"Filipino,Bakeries,American (New),",b/t Thomas St & Augusta Blvd,"1001 N Winchester Ave,Chicago, IL 60622,",4.5 star rating,59,
1,Phodega,https://www.yelp.com/biz/phodega-chicago?sort_by=date_desc,"Vietnamese,Hainan,Noodles,",b/t Pierce Ave & North Ave,"1547 N Ashland Ave,Chicago, IL 60622,",4.5 star rating,99,$$
1,Split-Rail,https://www.yelp.com/biz/split-rail-chicago?sort_by=date_desc,"American (Traditional),Cocktail Bars,Chicken Wings,Chicken Wings Chicago,",b/t Campbell Ave & Maplewood Ave,"2500 W Chicago Ave,Chicago, IL 60622,",4.5 star rating,202,$$
1,Cafe Istanbul,https://www.yelp.com/biz/cafe-istanbul-chicago-4?sort_by=date_desc,"Turkish,Mediterranean,",b/t Damen Ave & Hoyne Ave,"2014 W Division St,Chicago, IL 60622,",4.5 star rating,169,$$
1,Antico,https://www.yelp.com/biz/antico-chicago?sort_by=date_desc,"Italian,",b/t Homer St & Armitage Ave,"1946 N Leavitt St,Chicago, IL 60647,",4.5 star rating,225,$$$
1,Mama Delia,https://www.yelp.com/biz/mama-delia-chicago-2?sort_by=date_desc,"Spanish,",b/t Paulina St & Hermitage Ave,"1721 W Division St,Chicago, IL 60622,",3.5 star rating,53,
1,The Purple Pig,https://www.yelp.com/biz/the-purple-pig-chicago?sort_by=date_desc,"Tapas/Small Plates,Mediterranean,Breakfast & Brunch,",b/t Hubbard St & Illinois St,"444 N Michigan Ave,Chicago, IL 60611,",4 star rating,7226,$$
1,Andros Taverna,https://www.yelp.com/biz/andros-taverna-chicago-2?sort_by=date_desc,"Greek,Mediterranean,Seafood,",at Sacramento Ave,"2542 N Milwaukee,Chicago, IL 60647,",4.5 star rating,12,
1,JJ Thai Street Food,https://www.yelp.com/biz/jj-thai-street-food-chicago?sort_by=date_desc,"Thai,",b/t Hermitage Ave & Paulina St,"1715 W Chicago Ave,Chicago, IL 60622,",4.5 star rating,376,$$
1,Pequod's Pizzeria,https://www.yelp.com/biz/pequods-pizzeria-chicago?sort_by=date_desc,"Pizza,",b/t Webster Ave & Greenview Ave,"2207 N Clybourn Ave,Chicago, IL 60614,",4 star rating,6329,
1,90 Miles Cuban Café,https://www.yelp.com/biz/90-miles-cuban-caf%C3%A9-chicago-5?sort_by=date_desc,"Cuban,Sandwiches,Cafes,",b/t Rockwell St & Stave St,"2540 W Armitage Ave,Chicago, IL 60647,",4 star rating,2088,$$
1,Little Goat Diner,https://www.yelp.com/biz/little-goat-diner-chicago-5?sort_by=date_desc,"Diners,",b/t Green St & Halsted St,"820 W Randolph St,Chicago, IL 60607,",4 star rating,4610,$$
1,The Clampdown,https://www.yelp.com/biz/the-clampdown-chicago-2?sort_by=date_desc,"American (Traditional),Cheesesteaks,Burgers,",b/t Wood St & Hermitage Ave,"1742 W Division St,Chicago, IL 60622,",4.5 star rating,4,
1,Tortello,https://www.yelp.com/biz/tortello-chicago?sort_by=date_desc,"Pasta Shops,Italian,",b/t Wood St & Hermitage Ave,"1746 W Division St,Chicago, IL 60622,",4.5 star rating,195,$$
1,SoJu BBQ,https://www.yelp.com/biz/soju-bbq-chicago?sort_by=date_desc,"Korean,Asian Fusion,Chicken Wings,",b/t Ogden Ave & Washington Blvd,"36 S Ashland,Chicago, IL 60607,",4.5 star rating,127,$$
1,Small Cheval,https://www.yelp.com/biz/small-cheval-chicago-2?sort_by=date_desc,"Burgers,American (Traditional),",at Wabansia Ave,"1732 N Milwaukee Ave,Chicago, IL 60647,",4.5 star rating,1168,$$
1,The Bristol,https://www.yelp.com/biz/the-bristol-chicago?sort_by=date_desc,"American (New),Breakfast & Brunch,Venues & Event Spaces,",b/t Charleston St & Shakespeare Ave,"2152 N Damen Ave,Chicago, IL 60647,",4 star rating,1159,$$
1,Taqueria Chingon,https://www.yelp.com/biz/taqueria-chingon-chicago?sort_by=date_desc,"Mexican,",b/t Lyndale St & Belden Ave,"2234 N Western Ave,Chicago, IL 60647,",4.5 star rating,29,
1,Osteria Rusticana,https://www.yelp.com/biz/osteria-rusticana-chicago-3?sort_by=date_desc,"Italian,Italian Restaurant Chicago,",b/t Damen Ave & Leavitt St,"2114 W Division St,Chicago, IL 60622,",4.5 star rating,63,$$
1,Bárbaro Taquería,https://www.yelp.com/biz/b%C3%A1rbaro-taquer%C3%ADa-chicago?sort_by=date_desc,"Mexican,Cocktail Bars,",b/t Campbell Ave & Maplewood Ave,"2525 W North Ave,Chicago, IL 60647,",4.5 star rating,69,$$
